{"val categorical_accuracy_step": 0.9545454978942871, "val categorical_accuracy_strict_step": 0.7727273106575012, "val binary_accuracy_step": 0.9696969985961914, "val_loss_step": 0.18993984162807465, "trainer/global_step": 228, "_timestamp": 1701702527.1682656, "_runtime": 1024.3795285224915, "_step": 119, "val categorical_accuracy_epoch": 0.41389647126197815, "val categorical_accuracy_strict_epoch": 0.23923705518245697, "val binary_accuracy_epoch": 0.8544960021972656, "val_loss_epoch": 0.33297595381736755, "epoch": 0, "train_loss_epoch": 0.4315381348133087, "train categorical_accuracy_epoch": 0.4098976254463196, "train categorical_accuracy_strict_epoch": 0.19959044456481934, "train binary_accuracy_epoch": 0.8420177698135376, "_wandb": {"runtime": 1024}}