{"val categorical_accuracy_step": 0.0, "val categorical_accuracy_strict_step": 0.0, "val binary_accuracy_step": 0.8055555820465088, "val_loss_step": 0.33857715129852295, "trainer/global_step": 330, "_timestamp": 1701680524.4386315, "_runtime": 1044.4247314929962, "_step": 333, "val categorical_accuracy_epoch": 0.41253405809402466, "val categorical_accuracy_strict_epoch": 0.25504088401794434, "val binary_accuracy_epoch": 0.8600063920021057, "val_loss_epoch": 0.3231232166290283, "epoch": 1, "train_loss_epoch": 0.36388280987739563, "train categorical_accuracy_epoch": 0.39508533477783203, "train categorical_accuracy_strict_epoch": 0.24313993752002716, "train binary_accuracy_epoch": 0.8540616631507874, "train_loss_step": 0.3690357804298401, "train categorical_accuracy_step": 0.125, "train categorical_accuracy_strict_step": 0.25, "train binary_accuracy_step": 0.8333333134651184, "_wandb": {"runtime": 1047}}