{"val categorical_accuracy_step": 0.0, "val categorical_accuracy_strict_step": 0.8333333730697632, "val binary_accuracy_step": 0.9814814925193787, "val_loss_step": 0.1647374927997589, "trainer/global_step": 457, "_timestamp": 1701610828.3964038, "_runtime": 640.2365527153015, "_step": 116, "val categorical_accuracy_epoch": 0.34749454259872437, "val categorical_accuracy_strict_epoch": 0.2505446672439575, "val binary_accuracy_epoch": 0.8582667708396912, "val_loss_epoch": 0.33095237612724304, "epoch": 0, "train_loss_epoch": 0.514628529548645, "train categorical_accuracy_epoch": 0.3876603841781616, "train categorical_accuracy_strict_epoch": 0.2257712185382843, "train binary_accuracy_epoch": 0.849941074848175, "_wandb": {"runtime": 951}}