{"val categorical_accuracy_step": 1.0, "val categorical_accuracy_strict_step": 0.3333333432674408, "val binary_accuracy_step": 0.9259259104728699, "val_loss_step": 0.48653778433799744, "trainer/global_step": 915, "_timestamp": 1701609543.085133, "_runtime": 591.7251081466675, "_step": 231, "val categorical_accuracy_epoch": 0.41253405809402466, "val categorical_accuracy_strict_epoch": 0.25613078474998474, "val binary_accuracy_epoch": 0.8601274490356445, "val_loss_epoch": 0.3248559236526489, "epoch": 0, "train_loss_epoch": 0.42989012598991394, "train categorical_accuracy_epoch": 0.3881228566169739, "train categorical_accuracy_strict_epoch": 0.24914675951004028, "train binary_accuracy_epoch": 0.8547596335411072, "_wandb": {"runtime": 753}}