{"train_loss_step": 0.3901045024394989, "train categorical_accuracy_step": 0.5, "train categorical_accuracy_strict_step": 0.0, "train binary_accuracy_step": 0.8333333134651184, "epoch": 0, "trainer/global_step": 1831, "_timestamp": 1701618554.930315, "_runtime": 406.1950469017029, "_step": 461, "val categorical_accuracy_step": 0.0, "val categorical_accuracy_strict_step": 0.1666666716337204, "val binary_accuracy_step": 0.8888888955116272, "val_loss_step": 0.43581706285476685, "val categorical_accuracy_epoch": 0.35177111625671387, "val categorical_accuracy_strict_epoch": 0.25694823265075684, "val binary_accuracy_epoch": 0.8615503907203674, "val_loss_epoch": 0.31881439685821533, "train_loss_epoch": 0.3511795401573181, "train categorical_accuracy_epoch": 0.38614335656166077, "train categorical_accuracy_strict_epoch": 0.24470989406108856, "train binary_accuracy_epoch": 0.8556239604949951, "_wandb": {"runtime": 443}}