{"val categorical_accuracy_step": 0.5400000214576721, "val categorical_accuracy_strict_step": 0.013333333656191826, "val binary_accuracy_step": 0.7970370650291443, "val_loss_step": 0.8636292219161987, "trainer/global_step": 14, "_timestamp": 1701689870.233932, "_runtime": 751.6625740528107, "_step": 5, "val categorical_accuracy_epoch": 0.41285401582717896, "val categorical_accuracy_strict_epoch": 0.1742919385433197, "val binary_accuracy_epoch": 0.8386589288711548, "val_loss_epoch": 0.7492978572845459, "epoch": 0, "train_loss_epoch": 0.960161566734314, "train categorical_accuracy_epoch": 0.41359540820121765, "train categorical_accuracy_strict_epoch": 0.12257712334394455, "train binary_accuracy_epoch": 0.8073528409004211, "_wandb": {"runtime": 1245}}