{"val categorical_accuracy_step": 1.0, "val categorical_accuracy_strict_step": 0.3333333432674408, "val binary_accuracy_step": 0.9259259104728699, "val_loss_step": 0.4601999819278717, "trainer/global_step": 999, "_timestamp": 1701687653.7286713, "_runtime": 625.961715221405, "_step": 232, "val categorical_accuracy_epoch": 0.41253405809402466, "val categorical_accuracy_strict_epoch": 0.25613078474998474, "val binary_accuracy_epoch": 0.8598848581314087, "val_loss_epoch": 0.32194554805755615, "epoch": 1, "train_loss_epoch": 0.36251649260520935, "train categorical_accuracy_epoch": 0.3968600630760193, "train categorical_accuracy_strict_epoch": 0.22976109385490417, "train binary_accuracy_epoch": 0.8526505827903748, "train_loss_step": 0.28742653131484985, "train categorical_accuracy_step": 0.25, "train categorical_accuracy_strict_step": 0.25, "train binary_accuracy_step": 0.8611111044883728, "_wandb": {"runtime": 700}}