{"lncRNA": [0.8969458861870055, 0.24384255318528325, 3.053073549251424, 0.0, 0.0, 5.806138011376286, 0.0, 0.0, 0.0], "mRNA": [0.5106930304115337, 0.36113995907232, 2.5254766994106728, 0.6264803401068899, 1.145488696375963, 1.834995696302938, 2.9957255783196834, 0.0, 0.0], "miRNA": [2.751022931164908, 0.8092170313344499, 0.0, 5.553215100891041, 0.0, 0.0, 0.0, 0.8865449366096001, 0.0], "snRNA": [0.0, 0.0, 0.0, 0.0, 0.0, 0.0, 0.0, 0.0, 0.0], "snoRNA": [0.0, 4.934740455322644, 0.0, 0.0, 0.0, 0.0, 0.0, 5.065259544677355, 0.0]}