{"val categorical_accuracy_step": 0.0, "val categorical_accuracy_strict_step": 0.0, "val binary_accuracy_step": 0.8680555820465088, "val_loss_step": 0.33536604046821594, "trainer/global_step": 730, "_timestamp": 1701800881.0252943, "_runtime": 12278.896575212479, "_step": 782, "val categorical_accuracy_epoch": 0.3482288718223572, "val categorical_accuracy_strict_epoch": 0.2670299708843231, "val binary_accuracy_epoch": 0.8641842007637024, "val_loss_epoch": 0.2983687222003937, "epoch": 24, "train_loss_epoch": 0.30391615629196167, "train categorical_accuracy_epoch": 0.3807508647441864, "train categorical_accuracy_strict_epoch": 0.27740615606307983, "train binary_accuracy_epoch": 0.8664087653160095, "train_loss_step": 0.30127155780792236, "train categorical_accuracy_step": 0.40625, "train categorical_accuracy_strict_step": 0.234375, "train binary_accuracy_step": 0.859375}