{"val categorical_accuracy_step": 0.0, "val categorical_accuracy_strict_step": 0.9534883499145508, "val binary_accuracy_step": 0.9948320388793945, "val_loss_step": 0.0375237800180912, "trainer/global_step": 3564, "_timestamp": 1701803258.228462, "_runtime": 14656.099742889404, "_step": 963, "val categorical_accuracy_epoch": 0.34768393635749817, "val categorical_accuracy_strict_epoch": 0.2692098021507263, "val binary_accuracy_epoch": 0.8667877316474915, "val_loss_epoch": 0.29879090189933777, "epoch": 30, "train_loss_epoch": 0.3052864372730255, "train categorical_accuracy_epoch": 0.3870307207107544, "train categorical_accuracy_strict_epoch": 0.26566553115844727, "train binary_accuracy_epoch": 0.8656957745552063, "train_loss_step": 0.3121521472930908, "train categorical_accuracy_step": 0.34375, "train categorical_accuracy_strict_step": 0.21875, "train binary_accuracy_step": 0.8576388955116272}