{"train_loss_step": 0.34149131178855896, "train categorical_accuracy_step": 0.25, "train categorical_accuracy_strict_step": 0.125, "train binary_accuracy_step": 0.7916666865348816, "epoch": 35, "trainer/global_step": 65951, "_timestamp": 1701667945.1246107, "_runtime": 22242.167813777924, "_step": 16660, "val categorical_accuracy_step": 0.8333333730697632, "val categorical_accuracy_strict_step": 0.1666666716337204, "val binary_accuracy_step": 0.8888888955116272, "val_loss_step": 0.48065346479415894, "val categorical_accuracy_epoch": 0.3978201746940613, "val categorical_accuracy_strict_epoch": 0.2700272500514984, "val binary_accuracy_epoch": 0.8646989464759827, "val_loss_epoch": 0.30594807863235474, "train_loss_epoch": 0.3165464997291565, "train categorical_accuracy_epoch": 0.38798636198043823, "train categorical_accuracy_strict_epoch": 0.25180888175964355, "train binary_accuracy_epoch": 0.8610307574272156, "_wandb": {"runtime": 22327}}